{"logstd": [[-0.35049572587013245, -0.2943689525127411, -0.17453190684318542]], "timesteps": 23, "ep_reward": -80.79594607986004, "episodes": 1999, "_timestamp": 1670417250.835118, "_runtime": 331.1743040084839, "_step": 1999, "_wandb": {"runtime": 330}}