{"logstd": [[-0.1246415376663208, -0.07591830939054489, -0.13735948503017426]], "timesteps": 182, "ep_reward": 297.04971081804865, "episodes": 999, "_timestamp": 1670415162.0253553, "_runtime": 190.45271039009094, "_step": 999, "_wandb": {"runtime": 189}}