{"q": 14.657367706298828, "timesteps": 128, "ep_reward": 320.9974035294902, "_timestamp": 1670419219.6054208, "_runtime": 73.78125882148743, "_step": 2000, "_wandb": {"runtime": 74}}