{"q": 14.814842224121094, "timesteps": 110, "ep_reward": 260.318344437894, "_timestamp": 1670420627.0753613, "_runtime": 465.6117181777954, "_step": 8548, "_wandb": {"runtime": 465}}