{"q": 98.3464584350586, "timesteps": 137, "ep_reward": 272.8330968178022, "_timestamp": 1670420142.7905865, "_runtime": 815.2653925418854, "_step": 10421, "_wandb": {"runtime": 814}}